{
    "object_0 (2).ply": [
        [
            1.0,
            0.0,
            0.0,
            0.0
        ],
        [
            0.0,
            1.0,
            0.0,
            0.0
        ],
        [
            0.0,
            0.0,
            1.0,
            0.0
        ],
        [
            0.0,
            0.0,
            0.0,
            1.0
        ]
    ],
    "object_1 (1).ply": [
        [
            0.9999595509116752,
            -0.007660702750442851,
            -0.0047127671160451835,
            -0.01687071194582437
        ],
        [
            0.007562051562828182,
            0.9997590744887966,
            -0.02060602711503081,
            -0.009165974732116373
        ],
        [
            0.00486948833881427,
            0.020569555432084802,
            0.9997765657748964,
            0.004429133801299756
        ],
        [
            0.0,
            0.0,
            0.0,
            1.0
        ]
    ]
}